{
  "horizon": 12,
  "granularity": 60,
  "priceSchema": [
    0.198,
    0.198,
    0.198,
    0.198,
    0.225,
    0.225,
    0.249,
    0.849,
    0.849,
    0.225,
    0.225,
    0.198
  ],
  "agents": {
    "h1": {
      "neighbors": [
        "h2",
        "h3",
        "h4",
        "h5",
        "h6",
        "h7"
      ],
      "backgroundLoad": [
        0.04,
        0.29,
        0.22,
        0.16,
        0.18,
        0.03,
        0.05,
        0.12,
        0.13,
        0.23,
        0.14,
        0.27
      ],
      "houseType": 0,
      "rules": [
        "1 GE_WSM2420D3WW_wash laundry_wash eq 60 before 5",
        "0 GE_WSM2420D3WW_wash laundry_wash geq 0",
        "0 GE_WSM2420D3WW_wash laundry_wash leq 60",
        "1 Kenmore_665.13242K900 dish_wash eq 60 before 9",
        "0 Kenmore_665.13242K900 dish_wash geq 0",
        "0 Kenmore_665.13242K900 dish_wash leq 60",
        "1 room temperature_heat geq 20 before 7",
        "0 room temperature_heat geq 8",
        "0 room temperature_heat leq 35",
        "1 room cleanliness geq 50 before 5",
        "0 room cleanliness geq 0",
        "0 room cleanliness leq 100",
        "0 Roomba_880 charge geq 0",
        "0 Roomba_880 charge leq 100",
        "1 GE_WSM2420D3WW_dry laundry_dry eq 60 before 9",
        "0 GE_WSM2420D3WW_dry laundry_dry geq 0",
        "0 GE_WSM2420D3WW_dry laundry_dry leq 60",
        "1 Kenmore_790.91312013 bake eq 60 after 7",
        "0 Kenmore_790.91312013 bake geq 0",
        "0 Kenmore_790.91312013 bake leq 60"
      ],
      "actuators": [
        "GE_WSM2420D3WW_wash",
        "Kenmore_665.13242K900",
        "Dyson_AM09",
        "Roomba_880",
        "GE_WSM2420D3WW_dry",
        "Kenmore_790.91312013"
      ],
      "sensors": [
        "GE_WSM2420D3WW_wash_sensor",
        "Kenmore_665_sensor",
        "thermostat_heat",
        "dust_sensor",
        "iRobot_651_battery",
        "GE_WSM2420D3WW_dry_sensor",
        "Kenmore_790_sensor"
      ]
    },
    "h2": {
      "neighbors": [
        "h1",
        "h3",
        "h4",
        "h5",
        "h6",
        "h7"
      ],
      "backgroundLoad": [
        0.01,
        0.24,
        0.07,
        0.29,
        0.16,
        0.05,
        0,
        0.05,
        0,
        0.21,
        0.24,
        0.01
      ],
      "houseType": 0,
      "rules": [
        "1 GE_WSM2420D3WW_dry laundry_dry eq 60 after 3",
        "0 GE_WSM2420D3WW_dry laundry_dry geq 0",
        "0 GE_WSM2420D3WW_dry laundry_dry leq 60",
        "1 Kenmore_665.13242K900 dish_wash eq 60 before 3",
        "0 Kenmore_665.13242K900 dish_wash geq 0",
        "0 Kenmore_665.13242K900 dish_wash leq 60",
        "1 GE_WSM2420D3WW_wash laundry_wash eq 60 at 6",
        "0 GE_WSM2420D3WW_wash laundry_wash geq 0",
        "0 GE_WSM2420D3WW_wash laundry_wash leq 60",
        "1 room cleanliness gt 57 before 5",
        "0 room cleanliness geq 0",
        "0 room cleanliness leq 100",
        "0 Roomba_880 charge geq 0",
        "0 Roomba_880 charge leq 100",
        "1 room temperature_heat geq 22 before 4",
        "0 room temperature_heat geq 8",
        "0 room temperature_heat leq 35",
        "1 water_tank water_temp leq 58 before 4",
        "0 water_tank water_temp geq 37",
        "0 water_tank water_temp leq 78"
      ],
      "actuators": [
        "GE_WSM2420D3WW_dry",
        "Kenmore_665.13242K900",
        "GE_WSM2420D3WW_wash",
        "Roomba_880",
        "Dyson_AM09",
        "Rheem_XE40M12ST45U1"
      ],
      "sensors": [
        "GE_WSM2420D3WW_dry_sensor",
        "Kenmore_665_sensor",
        "GE_WSM2420D3WW_wash_sensor",
        "dust_sensor",
        "iRobot_651_battery",
        "thermostat_heat",
        "water_heat_sensor"
      ]
    },
    "h3": {
      "neighbors": [
        "h1",
        "h2",
        "h4",
        "h5",
        "h6",
        "h7"
      ],
      "backgroundLoad": [
        0.02,
        0.09,
        0.22,
        0.14,
        0.26,
        0.12,
        0.15,
        0.17,
        0.27,
        0.08,
        0.18,
        0.23
      ],
      "houseType": 0,
      "rules": [
        "1 GE_WSM2420D3WW_wash laundry_wash eq 60 at 8",
        "0 GE_WSM2420D3WW_wash laundry_wash geq 0",
        "0 GE_WSM2420D3WW_wash laundry_wash leq 60",
        "1 water_tank water_temp lt 53 before 5",
        "0 water_tank water_temp geq 37",
        "0 water_tank water_temp leq 78",
        "1 Tesla_S charge leq 50 before 3",
        "0 Tesla_S charge geq 0",
        "0 Tesla_S charge leq 100",
        "1 GE_WSM2420D3WW_dry laundry_dry eq 60 before 9",
        "0 GE_WSM2420D3WW_dry laundry_dry geq 0",
        "0 GE_WSM2420D3WW_dry laundry_dry leq 60",
        "1 room cleanliness gt 57 after 1",
        "0 room cleanliness geq 0",
        "0 room cleanliness leq 100",
        "0 Roomba_880 charge geq 0",
        "0 Roomba_880 charge leq 100",
        "1 Kenmore_790.91312013 bake eq 75 at 7",
        "0 Kenmore_790.91312013 bake geq 0",
        "0 Kenmore_790.91312013 bake leq 75"
      ],
      "actuators": [
        "GE_WSM2420D3WW_wash",
        "Rheem_XE40M12ST45U1",
        "Tesla_S",
        "GE_WSM2420D3WW_dry",
        "Roomba_880",
        "Kenmore_790.91312013"
      ],
      "sensors": [
        "GE_WSM2420D3WW_wash_sensor",
        "water_heat_sensor",
        "Tesla_S_battery",
        "GE_WSM2420D3WW_dry_sensor",
        "dust_sensor",
        "iRobot_651_battery",
        "Kenmore_790_sensor"
      ]
    },
    "h4": {
      "neighbors": [
        "h1",
        "h2",
        "h3",
        "h5",
        "h6",
        "h7"
      ],
      "backgroundLoad": [
        0.28,
        0.01,
        0.05,
        0.06,
        0.25,
        0.06,
        0.05,
        0,
        0.09,
        0.2,
        0.19,
        0.06
      ],
      "houseType": 1,
      "rules": [
        "1 Kenmore_665.13242K900 dish_wash eq 60 at 11",
        "0 Kenmore_665.13242K900 dish_wash geq 0",
        "0 Kenmore_665.13242K900 dish_wash leq 60",
        "1 GE_WSM2420D3WW_wash laundry_wash eq 60 before 9",
        "0 GE_WSM2420D3WW_wash laundry_wash geq 0",
        "0 GE_WSM2420D3WW_wash laundry_wash leq 60",
        "1 Tesla_S charge lt 63 before 3",
        "0 Tesla_S charge geq 0",
        "0 Tesla_S charge leq 100",
        "1 room temperature_heat gt 20 before 6",
        "0 room temperature_heat geq 8",
        "0 room temperature_heat leq 35",
        "1 GE_WSM2420D3WW_dry laundry_dry eq 60 at 11",
        "0 GE_WSM2420D3WW_dry laundry_dry geq 0",
        "0 GE_WSM2420D3WW_dry laundry_dry leq 60",
        "1 water_tank water_temp leq 59 before 11",
        "0 water_tank water_temp geq 37",
        "0 water_tank water_temp leq 78"
      ],
      "actuators": [
        "Kenmore_665.13242K900",
        "GE_WSM2420D3WW_wash",
        "Tesla_S",
        "Dyson_AM09",
        "GE_WSM2420D3WW_dry",
        "Rheem_XE40M12ST45U1"
      ],
      "sensors": [
        "Kenmore_665_sensor",
        "GE_WSM2420D3WW_wash_sensor",
        "Tesla_S_battery",
        "thermostat_heat",
        "GE_WSM2420D3WW_dry_sensor",
        "water_heat_sensor"
      ]
    },
    "h5": {
      "neighbors": [
        "h1",
        "h2",
        "h3",
        "h4",
        "h6",
        "h7"
      ],
      "backgroundLoad": [
        0.12,
        0.27,
        0.14,
        0.23,
        0.25,
        0.29,
        0.19,
        0.26,
        0.17,
        0.25,
        0.08,
        0
      ],
      "houseType": 1,